strategy_id,strategy_type,risk_score,sentiment_score,cumulative_return,sharpe_ratio,max_drawdown,ttf_score,info_quality,usability,trust_score
strategy_conservative_1,Conservative,0.2,0.15,0.0232764208937454,0.4957666700382523,20.12813503130065,High,0.8528319925242154,0.8031938937182327,Good
strategy_conservative_2,Conservative,0.22,0.18,-0.0242061929564408,-0.5052246190707178,2.973559727528841,High,0.936777631435992,0.8874961838846374,Good
strategy_conservative_3,Conservative,0.25,0.12,0.1574488619970646,4.066544521692753,0.5024684734760979,High,0.8502025006282401,0.8178498323497867,Good
strategy_neutral_1,Neutral,0.45,0.35,-0.0979912252266305,-1.5908913683986807,-0.0,Medium,0.7321291741240128,0.7276585414844962,Medium
strategy_neutral_2,Neutral,0.48,0.42,0.1802709473594689,2.9437265877563177,0.9930038486335496,Medium,0.7573001381753626,0.7765668587539216,Medium
strategy_neutral_3,Neutral,0.52,0.38,-0.0198799523448758,-0.275613259893498,11.458489120375235,Medium,0.7046401766319058,0.798829193692613,Medium
strategy_aggressive_1,Aggressive,0.75,0.65,0.3073976431056986,2.975796700777728,3.9187549268404815,Low,0.6174332002354466,0.6573800144259099,Low
strategy_aggressive_2,Aggressive,0.68,0.58,-0.0554305282547695,-0.5398160441975168,21.861543555814656,Low,0.6565970997365357,0.6103147084468035,Low
strategy_aggressive_3,Aggressive,0.82,0.72,0.0678752230147737,0.638247160876569,2.1097017106229106,Low,0.6657455062858343,0.6885655415530743,Low
